assembly,source,containing_type,signature,fixture_status,required_runtime_state
VSEssentials,VSEssentials/Systems/WorldMap/GuiElementMap.cs,GuiElementMap,"public override void ComposeElements(Context ctxStatic, ImageSurface surface)",not-rendered,unassessed
VSSurvivalMod,VSSurvivalMod/Systems/Handbook/Gui/GuiElementFlatList.cs,GuiElementFlatList,"public override void ComposeElements(Context ctxStatic, ImageSurface surfaceStatic)",not-rendered,unassessed
VSSurvivalMod,VSSurvivalMod/Systems/Handbook/Gui/MealstackTextComponent.cs,MealstackTextComponent,"public override void ComposeElements(Context ctx, ImageSurface surface)",not-rendered,unassessed
VintagestoryApi,VintagestoryApi/Client/UI/Elements/Impl/Interactive/Controls/GuiElementCompactScrollbar.cs,GuiElementCompactScrollbar,"public override void ComposeElements(Context ctxStatic, ImageSurface surface)",not-rendered,unassessed
VintagestoryApi,VintagestoryApi/Client/UI/Elements/Impl/Interactive/Controls/GuiElementDropDown.cs,GuiElementDropDown,"public override void ComposeElements(Context ctx, ImageSurface surface)",not-rendered,unassessed
VintagestoryApi,VintagestoryApi/Client/UI/Elements/Impl/Interactive/Controls/GuiElementElementListPickerBase.cs,GuiElementElementListPickerBase,"public override void ComposeElements(Context ctx, ImageSurface surface)",not-rendered,unassessed
VintagestoryApi,VintagestoryApi/Client/UI/Elements/Impl/Interactive/Controls/GuiElementHorizontalTabs.cs,GuiElementHorizontalTabs,"public override void ComposeTextElements(Context ctxStatic, ImageSurface surfaceStatic)",not-rendered,unassessed
VintagestoryApi,VintagestoryApi/Client/UI/Elements/Impl/Interactive/Controls/GuiElementListMenu.cs,GuiElementListMenu,"public override void ComposeElements(Context ctx, ImageSurface surface)",not-rendered,unassessed
VintagestoryApi,VintagestoryApi/Client/UI/Elements/Impl/Interactive/Controls/GuiElementScrollbar.cs,GuiElementScrollbar,"public override void ComposeElements(Context ctxStatic, ImageSurface surface)",not-rendered,unassessed
VintagestoryApi,VintagestoryApi/Client/UI/Elements/Impl/Interactive/Controls/GuiElementSlider.cs,GuiElementSlider,"public override void ComposeElements(Context ctxStatic, ImageSurface surfaceStatic)",not-rendered,unassessed
VintagestoryApi,VintagestoryApi/Client/UI/Elements/Impl/Interactive/Controls/GuiElementSliderOld.cs,GuiElementSliderOld,"public override void ComposeElements(Context ctxStatic, ImageSurface surfaceStatic)",not-rendered,unassessed
VintagestoryApi,VintagestoryApi/Client/UI/Elements/Impl/Interactive/Controls/GuiElementSwitch.cs,GuiElementSwitch,"public override void ComposeElements(Context ctxStatic, ImageSurface surface)",not-rendered,unassessed
VintagestoryApi,VintagestoryApi/Client/UI/Elements/Impl/Interactive/Controls/GuiElementSwitchOld.cs,GuiElementSwitchOld,"public override void ComposeElements(Context ctxStatic, ImageSurface surface)",not-rendered,unassessed
VintagestoryApi,VintagestoryApi/Client/UI/Elements/Impl/Interactive/Controls/GuiElementTextButton.cs,GuiElementTextButton,"public override void ComposeElements(Context ctxStatic, ImageSurface surfaceStatic)",not-rendered,unassessed
VintagestoryApi,VintagestoryApi/Client/UI/Elements/Impl/Interactive/Controls/GuiElementToggleButton.cs,GuiElementToggleButton,"public override void ComposeElements(Context ctx, ImageSurface surface)",not-rendered,unassessed
VintagestoryApi,VintagestoryApi/Client/UI/Elements/Impl/Interactive/Controls/GuiElementVerticalTabs.cs,GuiElementVerticalTabs,"public override void ComposeTextElements(Context ctxStatic, ImageSurface surfaceStatic)",not-rendered,unassessed
VintagestoryApi,VintagestoryApi/Client/UI/Elements/Impl/Interactive/GuiElementCellList.cs,GuiElementCellList,"public override void ComposeElements(Context ctx, ImageSurface surface)",not-rendered,unassessed
VintagestoryApi,VintagestoryApi/Client/UI/Elements/Impl/Interactive/GuiElementChatInput.cs,GuiElementChatInput,"public override void ComposeTextElements(Context ctx, ImageSurface surface)",not-rendered,unassessed
VintagestoryApi,VintagestoryApi/Client/UI/Elements/Impl/Interactive/GuiElementConfigList.cs,GuiElementConfigList,"public override void ComposeTextElements(Context ctxs, ImageSurface surfaces)",not-rendered,unassessed
VintagestoryApi,VintagestoryApi/Client/UI/Elements/Impl/Interactive/GuiElementContainer.cs,GuiElementContainer,"public override void ComposeElements(Context ctx, ImageSurface surface)",not-rendered,unassessed
VintagestoryApi,VintagestoryApi/Client/UI/Elements/Impl/Interactive/GuiElementDialogTitleBar.cs,GuiElementDialogTitleBar,"public override void ComposeTextElements(Context ctx, ImageSurface surface)",not-rendered,unassessed
VintagestoryApi,VintagestoryApi/Client/UI/Elements/Impl/Interactive/GuiElementNumberInput.cs,GuiElementNumberInput,"public override void ComposeTextElements(Context ctx, ImageSurface surface)",not-rendered,unassessed
VintagestoryApi,VintagestoryApi/Client/UI/Elements/Impl/Interactive/GuiElementStatbar.cs,GuiElementStatbar,"public override void ComposeElements(Context ctx, ImageSurface surface)",not-rendered,unassessed
VintagestoryApi,VintagestoryApi/Client/UI/Elements/Impl/Interactive/GuiElementTextArea.cs,GuiElementTextArea,"public override void ComposeTextElements(Context ctx, ImageSurface surface)",not-rendered,unassessed
VintagestoryApi,VintagestoryApi/Client/UI/Elements/Impl/Interactive/GuiElementTextInput.cs,GuiElementTextInput,"public override void ComposeTextElements(Context ctx, ImageSurface surface)",not-rendered,unassessed
VintagestoryApi,VintagestoryApi/Client/UI/Elements/Impl/Interactive/Inventory/GuiElementItemSlotGridBase.cs,GuiElementItemSlotGridBase,"public override void ComposeElements(Context unusedCtx, ImageSurface unusedSurface)",not-rendered,unassessed
VintagestoryApi,VintagestoryApi/Client/UI/Elements/Impl/Interactive/Inventory/GuiElementItemSlotGridExcl.cs,GuiElementItemSlotGridExcl,"public override void ComposeElements(Context ctx, ImageSurface surface)",not-rendered,unassessed
VintagestoryApi,VintagestoryApi/Client/UI/Elements/Impl/Interactive/Inventory/GuiElementPassiveItemSlot.cs,GuiElementPassiveItemSlot,"public override void ComposeElements(Context ctx, ImageSurface surface)",not-rendered,unassessed
VintagestoryApi,VintagestoryApi/Client/UI/Elements/Impl/Interactive/Inventory/GuiElementSkillItemGrid.cs,GuiElementSkillItemGrid,"public override void ComposeElements(Context ctx, ImageSurface surface)",not-rendered,unassessed
VintagestoryApi,VintagestoryApi/Client/UI/Elements/Impl/Interactive/Text/GuiElementDynamicText.cs,GuiElementDynamicText,"public override void ComposeTextElements(Context ctx, ImageSurface surface)",not-rendered,unassessed
VintagestoryApi,VintagestoryApi/Client/UI/Elements/Impl/Interactive/Text/GuiElementEmbossedText.cs,GuiElementEmbossedText,"public override void ComposeTextElements(Context ctxStatic, ImageSurface surfaceStatic)",not-rendered,unassessed
VintagestoryApi,VintagestoryApi/Client/UI/Elements/Impl/Interactive/Text/GuiElementHoverText.cs,GuiElementHoverText,"public override void ComposeElements(Context ctx, ImageSurface surface)",not-rendered,unassessed
VintagestoryApi,VintagestoryApi/Client/UI/Elements/Impl/Interactive/Text/GuiElementItemstackInfo.cs,GuiElementItemstackInfo,"public override void ComposeElements(Context ctx, ImageSurface surface)",not-rendered,unassessed
VintagestoryApi,VintagestoryApi/Client/UI/Elements/Impl/Interactive/Text/GuiElementNewVersionText.cs,GuiElementNewVersionText,"public override void ComposeTextElements(Context ctx, ImageSurface surface)",not-rendered,unassessed
VintagestoryApi,VintagestoryApi/Client/UI/Elements/Impl/Interactive/Text/GuiElementRichtext.cs,GuiElementRichtext,"public override void ComposeElements(Context ctxStatic, ImageSurface surfaceStatic)",not-rendered,unassessed
VintagestoryApi,VintagestoryApi/Client/UI/Elements/Impl/Interactive/Text/Richtext/ClearFloatTextComponent.cs,ClearFloatTextComponent,"public override void ComposeElements(Context ctx, ImageSurface surface)",not-rendered,unassessed
VintagestoryApi,VintagestoryApi/Client/UI/Elements/Impl/Interactive/Text/Richtext/HotkeyComponent.cs,HotkeyComponent,"public override void ComposeElements(Context ctx, ImageSurface surfaceUnused)",not-rendered,unassessed
VintagestoryApi,VintagestoryApi/Client/UI/Elements/Impl/Interactive/Text/Richtext/IconComponent.cs,IconComponent,"public override void ComposeElements(Context ctx, ImageSurface surface)",not-rendered,unassessed
VintagestoryApi,VintagestoryApi/Client/UI/Elements/Impl/Interactive/Text/Richtext/ItemstackTextComponent.cs,ItemstackTextComponent,"public override void ComposeElements(Context ctx, ImageSurface surface)",not-rendered,unassessed
VintagestoryApi,VintagestoryApi/Client/UI/Elements/Impl/Interactive/Text/Richtext/RichTextComponent.cs,RichTextComponent,"public override void ComposeElements(Context ctx, ImageSurface surface)",not-rendered,unassessed
VintagestoryApi,VintagestoryApi/Client/UI/Elements/Impl/Interactive/Text/Richtext/SlideshowGridRecipeTextComponent.cs,SlideshowGridRecipeTextComponent,"public override void ComposeElements(Context ctx, ImageSurface surface)",not-rendered,unassessed
VintagestoryApi,VintagestoryApi/Client/UI/Elements/Impl/Interactive/Text/Richtext/SlideshowItemstackTextComponent.cs,SlideshowItemstackTextComponent,"public override void ComposeElements(Context ctx, ImageSurface surface)",not-rendered,unassessed
VintagestoryApi,VintagestoryApi/Client/UI/Elements/Impl/Interactive/Text/Richtext/TextLinkComponent.cs,LinkTextComponent,"public override void ComposeElements(Context ctxStatic, ImageSurface surfaceStatic)",not-rendered,unassessed
VintagestoryApi,VintagestoryApi/Client/UI/Elements/Impl/Misc/GuiElementClip.cs,GuiElementClip,"public override void ComposeElements(Context ctxStatic, ImageSurface surface)",not-rendered,unassessed
VintagestoryApi,VintagestoryApi/Client/UI/Elements/Impl/Misc/GuiElementCustomRender.cs,GuiElementCustomRender,"public override void ComposeElements(Context ctxStatic, ImageSurface surfaceStatic)",not-rendered,unassessed
VintagestoryApi,VintagestoryApi/Client/UI/Elements/Impl/Static/GuiElementCustomDraw.cs,GuiElementCustomDraw,"public override void ComposeElements(Context ctxStatic, ImageSurface surfaceStatic)",not-rendered,unassessed
VintagestoryApi,VintagestoryApi/Client/UI/Elements/Impl/Static/GuiElementDialogBackground.cs,GuiElementDialogBackground,"public override void ComposeElements(Context ctx, ImageSurface surface)",not-rendered,unassessed
VintagestoryApi,VintagestoryApi/Client/UI/Elements/Impl/Static/GuiElementEngravedText.cs,GuiElementEngravedText,"public override void ComposeTextElements(Context ctxStatic, ImageSurface surfaceStatic)",not-rendered,unassessed
VintagestoryApi,VintagestoryApi/Client/UI/Elements/Impl/Static/GuiElementGameOverlay.cs,GuiElementGameOverlay,"public override void ComposeElements(Context ctx, ImageSurface surface)",not-rendered,unassessed
VintagestoryApi,VintagestoryApi/Client/UI/Elements/Impl/Static/GuiElementGrayBackground.cs,GuiElementGrayBackground,"public override void ComposeElements(Context ctx, ImageSurface surface)",not-rendered,unassessed
VintagestoryApi,VintagestoryApi/Client/UI/Elements/Impl/Static/GuiElementImage.cs,GuiElementImage,"public override void ComposeElements(Context context, ImageSurface surface)",not-rendered,unassessed
VintagestoryApi,VintagestoryApi/Client/UI/Elements/Impl/Static/GuiElementImageBackground.cs,GuiElementImageBackground,"public override void ComposeElements(Context ctx, ImageSurface surface)",not-rendered,unassessed
VintagestoryApi,VintagestoryApi/Client/UI/Elements/Impl/Static/GuiElementInset.cs,GuiElementInset,"public override void ComposeElements(Context ctx, ImageSurface surface)",not-rendered,unassessed
VintagestoryApi,VintagestoryApi/Client/UI/Elements/Impl/Static/GuiElementInsetShadedText.cs,GuiElementInsetShadedText,"public override void ComposeTextElements(Context ctx, ImageSurface surface)",not-rendered,unassessed
VintagestoryApi,VintagestoryApi/Client/UI/Elements/Impl/Static/GuiElementParent.cs,GuiElementParent,"public override void ComposeElements(Context ctxStatic, ImageSurface surface)",not-rendered,unassessed
VintagestoryApi,VintagestoryApi/Client/UI/Elements/Impl/Static/GuiElementStaticText.cs,GuiElementStaticText,"public override void ComposeTextElements(Context ctx, ImageSurface surface)",not-rendered,unassessed
VintagestoryApi,VintagestoryApi/Client/UI/Elements/Impl/Static/GuiElementTextBase.cs,GuiElementTextBase,"public override void ComposeElements(Context ctx, ImageSurface surface)",not-rendered,unassessed
