area,operation,coverage_status,functional_check,evidence_or_gap
surface,ARGB32 image surface,rendered,"Surface dimensions, stride, layout and buffer bounds are validated","Cairo/Skia harness; comparator unit tests reject incompatible buffers"
geometry,opaque fill rectangles,rendered,"Filled content remains present and in bounds","geometry scene at scales 1.0, 1.5, 2.0"
geometry,partial-alpha fill rectangles,rendered,"Alpha and premultiplied output are measured","geometry scene at scales 1.0, 1.5, 2.0"
geometry,stroke rectangle,rendered,"Stroke width remains visible and output matches native Cairo","CairoContextRecorderTests.CairoOnlyOperationsPreserveOutputAfterRecordedPrefix"
state,scale transform,rendered,"Logical dimensions scale without clipping","All harness scenes at scales 1.0, 1.5, 2.0"
state,nested save and restore,rendered,"Nested context state is restored and output matches native Cairo","CairoContextRecorderTests.CairoOnlyOperationsPreserveOutputAfterRecordedPrefix"
path,cubic Bezier with dashed stroke,partial,"Curve and dash remain visible; edge pixels can differ","Paths scene; stroke cap/join and dash phase matrix absent"
path,filled arc,partial,"Arc wedge remains visible and closed","Paths scene; Cairo and Skia construct arcs independently"
path,export/replay Cairo path,rendered,"Copied arc path can be appended and filled with native Cairo","CairoContextRecorderTests.CairoOnlyOperationsPreserveOutputAfterRecordedPrefix"
clip,fractional clip rectangle,partial,"Content stays within clip; fractional edge coverage may differ","Porter-Duff scene; nested and rounded clips absent"
fill,non-zero and even-odd rules,partial,"Nested same-direction paths fill the center under winding and leave it transparent under even-odd; byte output matches native Cairo","CairoContextRecorderTests.NonZeroAndEvenOddFillRulesKeepCairoPathSemantics; self-intersection and opposite-winding paths remain untested"
paint,linear and radial gradients,partial,"Linear gradient stops are rendered through Cairo and output matches the native reference","CairoContextRecorderTests.CairoOnlyOperationsPreserveOutputAfterRecordedPrefix; radial gradient and scale matrix remain untested"
source,surface and pattern transforms,partial,"SetSourceSurface and an integer translation in a linear gradient matrix match native Cairo","CairoContextRecorderTests.CairoOnlyOperationsPreserveOutputAfterRecordedPrefix; scaled, rotated, filtered, and repeating surface patterns remain untested"
operator,Over,rendered,"Destination remains visible beneath translucent source","Nine-operator scene; maps to Skia SrcOver; Cairo/Skia metrics and Cairo self-comparison captured"
operator,Source,rendered,"Source replaces destination only over painted source and clip","Nine-operator scene; maps to Skia Src; per-cell metrics and Cairo self-comparison captured"
operator,In,rendered,"Output is clipped to destination alpha and Cairo clip extent","Nine-operator scene; maps to Skia SrcIn with full-clip Skia source layer; per-cell metrics and Cairo self-comparison captured"
operator,Out,rendered,"Output is clipped to inverse destination alpha and Cairo clip extent","Nine-operator scene; maps to Skia SrcOut with full-clip Skia source layer; per-cell metrics and Cairo self-comparison captured"
operator,Atop,rendered,"Destination alpha is retained","Nine-operator scene; maps to Skia SrcATop; per-cell metrics and Cairo self-comparison captured"
operator,Xor,rendered,"Non-overlapping source/destination regions remain visible","Nine-operator scene; maps to Skia Xor; per-cell metrics and Cairo self-comparison captured"
operator,Clear,rendered,"Painted source mask clears destination pixels within the clip","Nine-operator scene; maps to Skia Clear; per-cell metrics and Cairo self-comparison captured"
operator,DestOver,rendered,"Source is composited behind the existing destination","Nine-operator scene; maps to Skia DstOver; per-cell metrics and Cairo self-comparison captured"
operator,HardLight,rendered,"Source and destination channels blend using hard-light behavior","Nine-operator scene; maps to Skia HardLight; per-cell metrics and Cairo self-comparison captured"
escape,Data and DataPtr,rendered,"CPU pointer access materializes the recorded prefix and returns current pixels","CairoSurfaceRecorderTests.HandleDataDataPointerAndPngBoundariesMaterializePrefix"
escape,external image buffer,rendered,"Pinned external storage remains usable after GC and is rejected for command recording","CairoSurfaceRecorderTests.ExternalImageStorageRemainsPinnedAndIneligibleForRecording"
escape,PNG encode/decode,rendered,"PNG output materializes recorded commands and round-trips usable pixels","CairoSurfaceRecorderTests.HandleDataDataPointerAndPngBoundariesMaterializePrefix"
escape,group push/pop,rendered,"Group output and alpha paint match native Cairo","CairoContextRecorderTests.CairoOnlyOperationsPreserveOutputAfterRecordedPrefix"
text,DejaVu Sans accented sample,partial,"Text remains readable; Cairo metrics remain authoritative","Harness fixture; only one family and short sample"
text,empty/combining/fallback/multiline/wrapping,partial,"Empty text extents, combining marks, fallback glyph extents and native text pixels are checked after a recorded prefix","CairoContextRecorderTests.EmptyCombiningAndFallbackTextMaterializeAndMatchNativeCairo; multiline/wrapping, bundled font matrix, layout and hit testing remain untested"
